"","Observed","ACE","Shannon","Simpson"
"F3D0",102,102,3.82321082037946,0.963290746233592
"F3D1",97,97,3.96507906815655,0.970025485900186
"F3D141",67,67,3.36550926575235,0.948263595837916
"F3D142",44,44,3.05891265816857,0.936213000044358
"F3D143",54,54,3.24969980471173,0.944786834729302
"F3D144",44,44,2.97373318614525,0.930490047462682
"F3D145",68,68,3.07840691476669,0.935854357844773
"F3D146",78,78,3.57765871370178,0.955305987497358
"F3D147",96,96,3.30784050307184,0.940755155368495
"F3D148",91,91,3.38036607371196,0.948440185244969
"F3D149",106,106,3.62910745421903,0.956635471492942
"F3D150",75,75,3.54056814455966,0.953098551008368
"F3D2",128,128,3.52054333432669,0.926325382047634
"F3D3",64,64,2.99184089844253,0.916075202296556
"F3D5",82,82,3.73719512672185,0.962379555865735
"F3D6",87,87,3.38089152929513,0.936918374782219
"F3D7",57,57,2.94113431686093,0.918000992373854
"F3D8",92,92,3.65708261783955,0.953147290784377
"F3D9",98,98,3.70832115407451,0.955986593201208
